runtime,model,backend,performance_mode,htp_performance_mode,htp_performance_mode_name,dataset,action_budget_tokens,deadline_ms,num_rows,num_unique_runs,runtime_success_rate,action_valid_rate,action_correct_rate,valid_under_deadline_rate,correct_under_deadline_rate,invalid_action_rate,time_to_valid_action_mean_ms,time_to_valid_action_p50_ms,time_to_valid_action_p95_ms,e2e_mean_ms,e2e_p50_ms,e2e_p95_ms,decode_latency_mean_ms,actual_output_tokens_mean,e2e_output_tokens_per_second_mean,parse_error_rate,schema_error_rate,wrong_action_type_rate,wrong_argument_rate,deadline_miss_rate,runtime_error_rate
executorch_qnn,Qwen2.5-3B-Instruct,QNN_HTP,always_max,2,kHtpBurst,tiny_schema_v2,96,10000,30,30,1.0,0.733333,0.366667,0.733333,0.366667,0.267,1661.682,1582.0,2425.35,1734.167,1594.5,2808.1,1102.1,26.867,14.967,0.033333,0.0,0.133333,0.466667,0.0,0.0
executorch_qnn,Qwen2.5-3B-Instruct,QNN_HTP,always_max,2,kHtpBurst,tiny_schema_v2,96,2000,30,30,1.0,0.733333,0.366667,0.6,0.333333,0.267,1661.682,1582.0,2425.35,1734.167,1594.5,2808.1,1102.1,26.867,14.967,0.033333,0.0,0.133333,0.466667,0.033333,0.0
executorch_qnn,Qwen2.5-3B-Instruct,QNN_HTP,always_max,2,kHtpBurst,tiny_schema_v2,96,5000,30,30,1.0,0.733333,0.366667,0.733333,0.366667,0.267,1661.682,1582.0,2425.35,1734.167,1594.5,2808.1,1102.1,26.867,14.967,0.033333,0.0,0.133333,0.466667,0.0,0.0
executorch_qnn,Qwen2.5-3B-Instruct,QNN_HTP,balanced,8,kHtpBalanced,tiny_schema_v2,96,10000,30,30,1.0,0.733333,0.366667,0.733333,0.366667,0.267,2620.455,2471.0,3871.2,2733.567,2514.5,4473.85,1797.633,26.867,9.502,0.033333,0.0,0.133333,0.466667,0.0,0.0
executorch_qnn,Qwen2.5-3B-Instruct,QNN_HTP,balanced,8,kHtpBalanced,tiny_schema_v2,96,2000,30,30,1.0,0.733333,0.366667,0.1,0.1,0.267,2620.455,2471.0,3871.2,2733.567,2514.5,4473.85,1797.633,26.867,9.502,0.033333,0.0,0.133333,0.466667,0.266667,0.0
executorch_qnn,Qwen2.5-3B-Instruct,QNN_HTP,balanced,8,kHtpBalanced,tiny_schema_v2,96,5000,30,30,1.0,0.733333,0.366667,0.733333,0.366667,0.267,2620.455,2471.0,3871.2,2733.567,2514.5,4473.85,1797.633,26.867,9.502,0.033333,0.0,0.133333,0.466667,0.0,0.0
executorch_qnn,Qwen2.5-3B-Instruct,QNN_HTP,low_saver,5,kHtpLowPowerSaver,tiny_schema_v2,96,10000,30,30,1.0,0.733333,0.366667,0.7,0.366667,0.267,5519.773,5225.5,8161.25,5746.533,5318.5,9367.0,3714.633,26.867,4.515,0.033333,0.0,0.133333,0.466667,0.0,0.0
executorch_qnn,Qwen2.5-3B-Instruct,QNN_HTP,low_saver,5,kHtpLowPowerSaver,tiny_schema_v2,96,2000,30,30,1.0,0.733333,0.366667,0.0,0.0,0.267,5519.773,5225.5,8161.25,5746.533,5318.5,9367.0,3714.633,26.867,4.515,0.033333,0.0,0.133333,0.466667,0.366667,0.0
executorch_qnn,Qwen2.5-3B-Instruct,QNN_HTP,low_saver,5,kHtpLowPowerSaver,tiny_schema_v2,96,5000,30,30,1.0,0.733333,0.366667,0.266667,0.2,0.267,5519.773,5225.5,8161.25,5746.533,5318.5,9367.0,3714.633,26.867,4.515,0.033333,0.0,0.133333,0.466667,0.166667,0.0
