timestamp_ms,host_timestamp_ms,adb_latency_ms,voltage_v,current_a,power_w,skin_temp_c,thermal_status,runner_pid,rss_kb,vmhwm_kb,valid_power,error
1785834070243.000,1785834070243.000,44.000,4.183,0.045,0.18823499999999999,40.112,0,19598,16404,21656,True,
1785834070824.000,1785834070824.000,44.000,4.19,0.034,0.14246000000000003,40.118,0,19598,88388,96804,True,
1785834071417.500,1785834071417.500,43.000,4.177,0.09,0.37592999999999993,40.105,0,19598,232512,1087076,True,
1785834072018.500,1785834072018.500,55.000,4.17,0.062,0.25854,40.099,0,19598,67992,1087076,True,
1785834072618.000,1785834072618.000,50.000,4.166,0.103,0.42909800000000003,40.093,0,19598,67992,1087076,True,
1785834073224.500,1785834073224.500,53.000,4.182,0.021,0.08782200000000001,40.08,0,19598,67992,1087076,True,
1785834073832.000,1785834073832.000,54.000,4.16,0.138,0.57408,40.08,0,19598,67992,1087076,True,
1785834074427.500,1785834074427.500,29.000,4.196,0.041,0.172036,40.067,0,,,,True,
1785834074491.500,1785834074491.500,29.000,4.196,0.009,0.03776399999999999,40.073,0,,,,True,
